start_beat,bar,role,section,sample_file,path,pitch_semitones,stretch_ratio,reverse,gain_db
16,5,main_break,groove,amen_break_00_174bpm.wav,data\demo_library\breaks\amen_break_00_174bpm.wav,+0,1,0,-5.78
16,5,stab_hit,groove,chord_loop_Amin_128bpm.wav,data\demo_library\tonal\chord_loop_Amin_128bpm.wav,+0,1,0,-7.74
20,6,main_break,groove,amen_break_00_174bpm.wav,data\demo_library\breaks\amen_break_00_174bpm.wav,+0,1,0,-5.78
24,7,main_break,groove,amen_break_00_174bpm.wav,data\demo_library\breaks\amen_break_00_174bpm.wav,+0,1,0,-5.78
28,8,main_break,groove,amen_break_00_174bpm.wav,data\demo_library\breaks\amen_break_00_174bpm.wav,+0,1,0,-5.78
32,9,main_break,theme,amen_break_00_174bpm.wav,data\demo_library\breaks\amen_break_00_174bpm.wav,+0,1,1,-4.05
32,9,stab_hit,theme,chord_loop_Amin_128bpm.wav,data\demo_library\tonal\chord_loop_Amin_128bpm.wav,+5,1,0,-6.94
36,10,main_break,theme,amen_break_00_174bpm.wav,data\demo_library\breaks\amen_break_00_174bpm.wav,+0,1,0,-4.05
40,11,main_break,theme,amen_break_00_174bpm.wav,data\demo_library\breaks\amen_break_00_174bpm.wav,+0,1,0,-4.05
44,12,main_break,theme,amen_break_00_174bpm.wav,data\demo_library\breaks\amen_break_00_174bpm.wav,+0,1,0,-4.05
48,13,main_break,dev,amen_break_00_174bpm.wav,data\demo_library\breaks\amen_break_00_174bpm.wav,+0,1,0,-3.25
52,14,main_break,dev,amen_break_00_174bpm.wav,data\demo_library\breaks\amen_break_00_174bpm.wav,+0,1,0,-3.25
56,15,main_break,dev,amen_break_00_174bpm.wav,data\demo_library\breaks\amen_break_00_174bpm.wav,+0,1,0,-3.25
60,16,main_break,dev,amen_break_00_174bpm.wav,data\demo_library\breaks\amen_break_00_174bpm.wav,+0,1,0,-3.25
80,21,main_break,build,amen_break_00_174bpm.wav,data\demo_library\breaks\amen_break_00_174bpm.wav,+0,1,0,-5.99
80,21,riser,build,riser_01.wav,data\demo_library\fx\riser_01.wav,+0,1.6901,0,-7.54
84,22,main_break,build,amen_break_00_174bpm.wav,data\demo_library\breaks\amen_break_00_174bpm.wav,+0,1,1,-5.99
88,23,main_break,build,amen_break_00_174bpm.wav,data\demo_library\breaks\amen_break_00_174bpm.wav,+0,1,0,-5.99
92,24,main_break,build,amen_break_00_174bpm.wav,data\demo_library\breaks\amen_break_00_174bpm.wav,+0,1,0,-5.99
96,25,main_break,drop,amen_break_00_174bpm.wav,data\demo_library\breaks\amen_break_00_174bpm.wav,+0,1,0,-1.94
96,25,stab_hit,drop,chord_loop_Amin_128bpm.wav,data\demo_library\tonal\chord_loop_Amin_128bpm.wav,+5,1,0,-6.02
96,25,impact,drop,vox_shout_01.wav,data\demo_library\fx\vox_shout_01.wav,+0,1,0,-6.02
100,26,main_break,drop,amen_break_00_174bpm.wav,data\demo_library\breaks\amen_break_00_174bpm.wav,+0,1,0,-1.94
104,27,main_break,drop,amen_break_00_174bpm.wav,data\demo_library\breaks\amen_break_00_174bpm.wav,+0,1,0,-1.94
108,28,main_break,drop,amen_break_00_174bpm.wav,data\demo_library\breaks\amen_break_00_174bpm.wav,+0,1,1,-1.94
112,29,main_break,variation,amen_break_00_174bpm.wav,data\demo_library\breaks\amen_break_00_174bpm.wav,+0,1,0,-2.86
112,29,stab_hit,variation,chord_loop_Amin_128bpm.wav,data\demo_library\tonal\chord_loop_Amin_128bpm.wav,+0,1,0,-6.38
116,30,main_break,variation,amen_break_00_174bpm.wav,data\demo_library\breaks\amen_break_00_174bpm.wav,+0,1,0,-2.86
120,31,main_break,variation,amen_break_00_174bpm.wav,data\demo_library\breaks\amen_break_00_174bpm.wav,+0,1,0,-2.86
124,32,main_break,variation,amen_break_00_174bpm.wav,data\demo_library\breaks\amen_break_00_174bpm.wav,+0,1,1,-2.86
